,positionerID,robotailID,wokID,holeID,apSpecID,bossSpecID,alphaArmLen,metX,metY,apX,apY,bossX,bossY,alphaOffset,betaOffset,dx,dy
0,1004,FTO0,flatNominal,R-13C1,0,0,7.4,14.314,0.0,14.965,0.376,14.965,-0.376,0.0,0.0,0.0,0.0
1,1009,FTO1,flatNominal,R-13C2,1,1,7.4,14.314,0.0,14.965,0.376,14.965,-0.376,0.0,0.0,0.0,0.0
2,1136,FTO2,flatNominal,R-13C3,2,2,7.4,14.314,0.0,14.965,0.376,14.965,-0.376,0.0,0.0,0.0,0.0
3,1118,FTO3,flatNominal,R-13C4,3,3,7.4,14.314,0.0,14.965,0.376,14.965,-0.376,0.0,0.0,0.0,0.0
4,1107,FTO4,flatNominal,R-13C5,4,4,7.4,14.314,0.0,14.965,0.376,14.965,-0.376,0.0,0.0,0.0,0.0
5,1127,FTO5,flatNominal,R-13C6,5,5,7.4,14.314,0.0,14.965,0.376,14.965,-0.376,0.0,0.0,0.0,0.0
6,1104,FTO6,flatNominal,R-13C7,6,6,7.4,14.314,0.0,14.965,0.376,14.965,-0.376,0.0,0.0,0.0,0.0
7,1314,FTO7,flatNominal,R-13C8,7,7,7.4,14.314,0.0,14.965,0.376,14.965,-0.376,0.0,0.0,0.0,0.0
8,756,FTO8,flatNominal,R-13C9,8,8,7.4,14.314,0.0,14.965,0.376,14.965,-0.376,0.0,0.0,0.0,0.0
9,637,FTO9,flatNominal,R-13C10,9,9,7.4,14.314,0.0,14.965,0.376,14.965,-0.376,0.0,0.0,0.0,0.0
10,707,FTO10,flatNominal,R-13C11,10,10,7.4,14.314,0.0,14.965,0.376,14.965,-0.376,0.0,0.0,0.0,0.0
11,925,FTO11,flatNominal,R-13C12,11,11,7.4,14.314,0.0,14.965,0.376,14.965,-0.376,0.0,0.0,0.0,0.0
12,240,FTO12,flatNominal,R-13C13,12,12,7.4,14.314,0.0,14.965,0.376,14.965,-0.376,0.0,0.0,0.0,0.0
13,941,FTO13,flatNominal,R-13C14,13,13,7.4,14.314,0.0,14.965,0.376,14.965,-0.376,0.0,0.0,0.0,0.0
14,201,FTO14,flatNominal,R-12C1,14,14,7.4,14.314,0.0,14.965,0.376,14.965,-0.376,0.0,0.0,0.0,0.0
15,919,FTO15,flatNominal,R-12C2,15,15,7.4,14.314,0.0,14.965,0.376,14.965,-0.376,0.0,0.0,0.0,0.0
16,1353,FTO16,flatNominal,R-12C3,16,16,7.4,14.314,0.0,14.965,0.376,14.965,-0.376,0.0,0.0,0.0,0.0
17,1362,FTO17,flatNominal,R-12C4,17,17,7.4,14.314,0.0,14.965,0.376,14.965,-0.376,0.0,0.0,0.0,0.0
18,1393,FTO18,flatNominal,R-12C5,18,18,7.4,14.314,0.0,14.965,0.376,14.965,-0.376,0.0,0.0,0.0,0.0
19,1384,FTO19,flatNominal,R-12C6,19,19,7.4,14.314,0.0,14.965,0.376,14.965,-0.376,0.0,0.0,0.0,0.0
20,171,FTO20,flatNominal,R-12C7,20,20,7.4,14.314,0.0,14.965,0.376,14.965,-0.376,0.0,0.0,0.0,0.0
21,1317,FTO22,flatNominal,R-12C9,22,22,7.4,14.314,0.0,14.965,0.376,14.965,-0.376,0.0,0.0,0.0,0.0
22,1392,FTO23,flatNominal,R-12C10,23,23,7.4,14.314,0.0,14.965,0.376,14.965,-0.376,0.0,0.0,0.0,0.0
23,86,FTO24,flatNominal,R-12C11,24,24,7.4,14.314,0.0,14.965,0.376,14.965,-0.376,0.0,0.0,0.0,0.0
24,222,FTO25,flatNominal,R-12C12,25,25,7.4,14.314,0.0,14.965,0.376,14.965,-0.376,0.0,0.0,0.0,0.0
25,298,FTO26,flatNominal,R-12C13,26,26,7.4,14.314,0.0,14.965,0.376,14.965,-0.376,0.0,0.0,0.0,0.0
26,1101,FTO27,flatNominal,R-12C14,27,27,7.4,14.314,0.0,14.965,0.376,14.965,-0.376,0.0,0.0,0.0,0.0
27,114,FTO28,flatNominal,R-12C15,28,28,7.4,14.314,0.0,14.965,0.376,14.965,-0.376,0.0,0.0,0.0,0.0
28,673,FTO29,flatNominal,R-11C1,29,29,7.4,14.314,0.0,14.965,0.376,14.965,-0.376,0.0,0.0,0.0,0.0
29,54,FTO30,flatNominal,R-11C2,30,30,7.4,14.314,0.0,14.965,0.376,14.965,-0.376,0.0,0.0,0.0,0.0
30,677,FTO31,flatNominal,R-11C3,31,31,7.4,14.314,0.0,14.965,0.376,14.965,-0.376,0.0,0.0,0.0,0.0
31,1192,FTO32,flatNominal,R-11C4,32,32,7.4,14.314,0.0,14.965,0.376,14.965,-0.376,0.0,0.0,0.0,0.0
32,214,FTO33,flatNominal,R-11C5,33,33,7.4,14.314,0.0,14.965,0.376,14.965,-0.376,0.0,0.0,0.0,0.0
33,1306,FTO34,flatNominal,R-11C6,34,34,7.4,14.314,0.0,14.965,0.376,14.965,-0.376,0.0,0.0,0.0,0.0
34,1318,FTO35,flatNominal,R-11C7,35,35,7.4,14.314,0.0,14.965,0.376,14.965,-0.376,0.0,0.0,0.0,0.0
35,661,FTO36,flatNominal,R-11C8,36,36,7.4,14.314,0.0,14.965,0.376,14.965,-0.376,0.0,0.0,0.0,0.0
36,1169,FTO37,flatNominal,R-11C9,37,37,7.4,14.314,0.0,14.965,0.376,14.965,-0.376,0.0,0.0,0.0,0.0
37,1372,FTO38,flatNominal,R-11C10,38,38,7.4,14.314,0.0,14.965,0.376,14.965,-0.376,0.0,0.0,0.0,0.0
38,1312,FTO39,flatNominal,R-11C11,39,39,7.4,14.314,0.0,14.965,0.376,14.965,-0.376,0.0,0.0,0.0,0.0
39,289,FTO40,flatNominal,R-11C12,40,40,7.4,14.314,0.0,14.965,0.376,14.965,-0.376,0.0,0.0,0.0,0.0
40,115,FTO41,flatNominal,R-11C13,41,41,7.4,14.314,0.0,14.965,0.376,14.965,-0.376,0.0,0.0,0.0,0.0
41,1156,FTO42,flatNominal,R-11C14,42,42,7.4,14.314,0.0,14.965,0.376,14.965,-0.376,0.0,0.0,0.0,0.0
42,155,FTO43,flatNominal,R-11C15,43,43,7.4,14.314,0.0,14.965,0.376,14.965,-0.376,0.0,0.0,0.0,0.0
43,293,FTO44,flatNominal,R-11C16,44,44,7.4,14.314,0.0,14.965,0.376,14.965,-0.376,0.0,0.0,0.0,0.0
44,194,FTO45,flatNominal,R-10C1,45,45,7.4,14.314,0.0,14.965,0.376,14.965,-0.376,0.0,0.0,0.0,0.0
45,425,FTO46,flatNominal,R-10C2,46,46,7.4,14.314,0.0,14.965,0.376,14.965,-0.376,0.0,0.0,0.0,0.0
46,1331,FTO47,flatNominal,R-10C3,47,47,7.4,14.314,0.0,14.965,0.376,14.965,-0.376,0.0,0.0,0.0,0.0
47,236,FTO49,flatNominal,R-10C5,49,49,7.4,14.314,0.0,14.965,0.376,14.965,-0.376,0.0,0.0,0.0,0.0
48,202,FTO50,flatNominal,R-10C6,50,50,7.4,14.314,0.0,14.965,0.376,14.965,-0.376,0.0,0.0,0.0,0.0
49,1388,FTO52,flatNominal,R-10C8,52,52,7.4,14.314,0.0,14.965,0.376,14.965,-0.376,0.0,0.0,0.0,0.0
50,1106,FTO53,flatNominal,R-10C9,53,53,7.4,14.314,0.0,14.965,0.376,14.965,-0.376,0.0,0.0,0.0,0.0
51,148,FTO54,flatNominal,R-10C10,54,54,7.4,14.314,0.0,14.965,0.376,14.965,-0.376,0.0,0.0,0.0,0.0
52,136,FTO56,flatNominal,R-10C12,56,56,7.4,14.314,0.0,14.965,0.376,14.965,-0.376,0.0,0.0,0.0,0.0
53,587,FTO57,flatNominal,R-10C13,57,57,7.4,14.314,0.0,14.965,0.376,14.965,-0.376,0.0,0.0,0.0,0.0
54,215,FTO59,flatNominal,R-10C15,59,59,7.4,14.314,0.0,14.965,0.376,14.965,-0.376,0.0,0.0,0.0,0.0
55,444,FTO60,flatNominal,R-10C16,60,60,7.4,14.314,0.0,14.965,0.376,14.965,-0.376,0.0,0.0,0.0,0.0
56,1229,FTO61,flatNominal,R-10C17,61,61,7.4,14.314,0.0,14.965,0.376,14.965,-0.376,0.0,0.0,0.0,0.0
57,859,FTO62,flatNominal,R-9C1,62,62,7.4,14.314,0.0,14.965,0.376,14.965,-0.376,0.0,0.0,0.0,0.0
58,1373,FTO63,flatNominal,R-9C2,63,63,7.4,14.314,0.0,14.965,0.376,14.965,-0.376,0.0,0.0,0.0,0.0
59,1152,FTO64,flatNominal,R-9C3,64,64,7.4,14.314,0.0,14.965,0.376,14.965,-0.376,0.0,0.0,0.0,0.0
60,1151,FTO65,flatNominal,R-9C4,65,65,7.4,14.314,0.0,14.965,0.376,14.965,-0.376,0.0,0.0,0.0,0.0
61,808,FTO66,flatNominal,R-9C5,66,66,7.4,14.314,0.0,14.965,0.376,14.965,-0.376,0.0,0.0,0.0,0.0
62,1383,FTO67,flatNominal,R-9C6,67,67,7.4,14.314,0.0,14.965,0.376,14.965,-0.376,0.0,0.0,0.0,0.0
63,1108,FTO68,flatNominal,R-9C7,68,68,7.4,14.314,0.0,14.965,0.376,14.965,-0.376,0.0,0.0,0.0,0.0
64,1336,FTO69,flatNominal,R-9C8,69,69,7.4,14.314,0.0,14.965,0.376,14.965,-0.376,0.0,0.0,0.0,0.0
65,1187,FTO70,flatNominal,R-9C9,70,70,7.4,14.314,0.0,14.965,0.376,14.965,-0.376,0.0,0.0,0.0,0.0
66,1150,FTO71,flatNominal,R-9C10,71,71,7.4,14.314,0.0,14.965,0.376,14.965,-0.376,0.0,0.0,0.0,0.0
67,865,FTO72,flatNominal,R-9C11,72,72,7.4,14.314,0.0,14.965,0.376,14.965,-0.376,0.0,0.0,0.0,0.0
68,676,FTO73,flatNominal,R-9C12,73,73,7.4,14.314,0.0,14.965,0.376,14.965,-0.376,0.0,0.0,0.0,0.0
69,251,FTO74,flatNominal,R-9C13,74,74,7.4,14.314,0.0,14.965,0.376,14.965,-0.376,0.0,0.0,0.0,0.0
70,162,FTO75,flatNominal,R-9C14,75,75,7.4,14.314,0.0,14.965,0.376,14.965,-0.376,0.0,0.0,0.0,0.0
71,130,FTO76,flatNominal,R-9C15,76,76,7.4,14.314,0.0,14.965,0.376,14.965,-0.376,0.0,0.0,0.0,0.0
72,245,FTO77,flatNominal,R-9C16,77,77,7.4,14.314,0.0,14.965,0.376,14.965,-0.376,0.0,0.0,0.0,0.0
73,1100,FTO78,flatNominal,R-9C17,78,78,7.4,14.314,0.0,14.965,0.376,14.965,-0.376,0.0,0.0,0.0,0.0
74,1302,FTO79,flatNominal,R-9C18,79,79,7.4,14.314,0.0,14.965,0.376,14.965,-0.376,0.0,0.0,0.0,0.0
75,880,FTO80,flatNominal,R-8C1,80,80,7.4,14.314,0.0,14.965,0.376,14.965,-0.376,0.0,0.0,0.0,0.0
76,898,FTO81,flatNominal,R-8C2,81,81,7.4,14.314,0.0,14.965,0.376,14.965,-0.376,0.0,0.0,0.0,0.0
77,103,FTO82,flatNominal,R-8C3,82,82,7.4,14.314,0.0,14.965,0.376,14.965,-0.376,0.0,0.0,0.0,0.0
78,1340,FTO83,flatNominal,R-8C4,83,83,7.4,14.314,0.0,14.965,0.376,14.965,-0.376,0.0,0.0,0.0,0.0
79,146,FTO84,flatNominal,R-8C5,84,84,7.4,14.314,0.0,14.965,0.376,14.965,-0.376,0.0,0.0,0.0,0.0
80,838,FTO85,flatNominal,R-8C6,85,85,7.4,14.314,0.0,14.965,0.376,14.965,-0.376,0.0,0.0,0.0,0.0
81,1163,FTO86,flatNominal,R-8C7,86,86,7.4,14.314,0.0,14.965,0.376,14.965,-0.376,0.0,0.0,0.0,0.0
82,1129,FTO87,flatNominal,R-8C8,87,87,7.4,14.314,0.0,14.965,0.376,14.965,-0.376,0.0,0.0,0.0,0.0
83,948,FTO88,flatNominal,R-8C9,88,88,7.4,14.314,0.0,14.965,0.376,14.965,-0.376,0.0,0.0,0.0,0.0
84,1316,FTO90,flatNominal,R-8C11,90,90,7.4,14.314,0.0,14.965,0.376,14.965,-0.376,0.0,0.0,0.0,0.0
85,1338,FTO91,flatNominal,R-8C12,91,91,7.4,14.314,0.0,14.965,0.376,14.965,-0.376,0.0,0.0,0.0,0.0
86,373,FTO92,flatNominal,R-8C13,92,92,7.4,14.314,0.0,14.965,0.376,14.965,-0.376,0.0,0.0,0.0,0.0
87,159,FTO93,flatNominal,R-8C14,93,93,7.4,14.314,0.0,14.965,0.376,14.965,-0.376,0.0,0.0,0.0,0.0
88,1114,FTO94,flatNominal,R-8C15,94,94,7.4,14.314,0.0,14.965,0.376,14.965,-0.376,0.0,0.0,0.0,0.0
89,641,FTO95,flatNominal,R-8C16,95,95,7.4,14.314,0.0,14.965,0.376,14.965,-0.376,0.0,0.0,0.0,0.0
90,896,FTO96,flatNominal,R-8C17,96,96,7.4,14.314,0.0,14.965,0.376,14.965,-0.376,0.0,0.0,0.0,0.0
91,285,FTO97,flatNominal,R-8C18,97,97,7.4,14.314,0.0,14.965,0.376,14.965,-0.376,0.0,0.0,0.0,0.0
92,1131,FTO98,flatNominal,R-8C19,98,98,7.4,14.314,0.0,14.965,0.376,14.965,-0.376,0.0,0.0,0.0,0.0
93,1142,FTO99,flatNominal,R-7C1,99,99,7.4,14.314,0.0,14.965,0.376,14.965,-0.376,0.0,0.0,0.0,0.0
94,235,FTO100,flatNominal,R-7C2,100,100,7.4,14.314,0.0,14.965,0.376,14.965,-0.376,0.0,0.0,0.0,0.0
95,153,FTO101,flatNominal,R-7C3,101,101,7.4,14.314,0.0,14.965,0.376,14.965,-0.376,0.0,0.0,0.0,0.0
96,208,FTO103,flatNominal,R-7C5,103,103,7.4,14.314,0.0,14.965,0.376,14.965,-0.376,0.0,0.0,0.0,0.0
97,1105,FTO104,flatNominal,R-7C6,104,104,7.4,14.314,0.0,14.965,0.376,14.965,-0.376,0.0,0.0,0.0,0.0
98,1025,FTO105,flatNominal,R-7C7,105,105,7.4,14.314,0.0,14.965,0.376,14.965,-0.376,0.0,0.0,0.0,0.0
99,187,FTO106,flatNominal,R-7C8,106,106,7.4,14.314,0.0,14.965,0.376,14.965,-0.376,0.0,0.0,0.0,0.0
100,1194,FTO107,flatNominal,R-7C9,107,107,7.4,14.314,0.0,14.965,0.376,14.965,-0.376,0.0,0.0,0.0,0.0
101,1381,FTO108,flatNominal,R-7C10,108,108,7.4,14.314,0.0,14.965,0.376,14.965,-0.376,0.0,0.0,0.0,0.0
102,1303,FTO109,flatNominal,R-7C11,109,109,7.4,14.314,0.0,14.965,0.376,14.965,-0.376,0.0,0.0,0.0,0.0
103,1359,FTO110,flatNominal,R-7C12,110,110,7.4,14.314,0.0,14.965,0.376,14.965,-0.376,0.0,0.0,0.0,0.0
104,120,FTO111,flatNominal,R-7C13,111,111,7.4,14.314,0.0,14.965,0.376,14.965,-0.376,0.0,0.0,0.0,0.0
105,184,FTO112,flatNominal,R-7C14,112,112,7.4,14.314,0.0,14.965,0.376,14.965,-0.376,0.0,0.0,0.0,0.0
106,1042,FTO113,flatNominal,R-7C15,113,113,7.4,14.314,0.0,14.965,0.376,14.965,-0.376,0.0,0.0,0.0,0.0
107,687,FTO114,flatNominal,R-7C16,114,114,7.4,14.314,0.0,14.965,0.376,14.965,-0.376,0.0,0.0,0.0,0.0
108,871,FTO116,flatNominal,R-7C18,116,116,7.4,14.314,0.0,14.965,0.376,14.965,-0.376,0.0,0.0,0.0,0.0
109,126,FTO117,flatNominal,R-7C19,117,117,7.4,14.314,0.0,14.965,0.376,14.965,-0.376,0.0,0.0,0.0,0.0
110,1064,FTO118,flatNominal,R-7C20,118,118,7.4,14.314,0.0,14.965,0.376,14.965,-0.376,0.0,0.0,0.0,0.0
111,647,FTO119,flatNominal,R-6C1,119,119,7.4,14.314,0.0,14.965,0.376,14.965,-0.376,0.0,0.0,0.0,0.0
112,897,FTO121,flatNominal,R-6C3,121,121,7.4,14.314,0.0,14.965,0.376,14.965,-0.376,0.0,0.0,0.0,0.0
113,1341,FTO122,flatNominal,R-6C4,122,122,7.4,14.314,0.0,14.965,0.376,14.965,-0.376,0.0,0.0,0.0,0.0
114,167,FTO123,flatNominal,R-6C5,123,123,7.4,14.314,0.0,14.965,0.376,14.965,-0.376,0.0,0.0,0.0,0.0
115,1347,FTO124,flatNominal,R-6C6,124,124,7.4,14.314,0.0,14.965,0.376,14.965,-0.376,0.0,0.0,0.0,0.0
116,824,FTO125,flatNominal,R-6C7,125,125,7.4,14.314,0.0,14.965,0.376,14.965,-0.376,0.0,0.0,0.0,0.0
117,1056,FTO127,flatNominal,R-6C9,127,127,7.4,14.314,0.0,14.965,0.376,14.965,-0.376,0.0,0.0,0.0,0.0
118,1112,FTO128,flatNominal,R-6C10,128,128,7.4,14.314,0.0,14.965,0.376,14.965,-0.376,0.0,0.0,0.0,0.0
119,1153,FTO129,flatNominal,R-6C11,129,129,7.4,14.314,0.0,14.965,0.376,14.965,-0.376,0.0,0.0,0.0,0.0
120,124,FTO130,flatNominal,R-6C12,130,130,7.4,14.314,0.0,14.965,0.376,14.965,-0.376,0.0,0.0,0.0,0.0
121,1363,FTO131,flatNominal,R-6C13,131,131,7.4,14.314,0.0,14.965,0.376,14.965,-0.376,0.0,0.0,0.0,0.0
122,996,FTO133,flatNominal,R-6C15,133,133,7.4,14.314,0.0,14.965,0.376,14.965,-0.376,0.0,0.0,0.0,0.0
123,804,FTO134,flatNominal,R-6C16,134,134,7.4,14.314,0.0,14.965,0.376,14.965,-0.376,0.0,0.0,0.0,0.0
124,715,FTO135,flatNominal,R-6C17,135,135,7.4,14.314,0.0,14.965,0.376,14.965,-0.376,0.0,0.0,0.0,0.0
125,831,FTO136,flatNominal,R-6C18,136,136,7.4,14.314,0.0,14.965,0.376,14.965,-0.376,0.0,0.0,0.0,0.0
126,544,FTO137,flatNominal,R-6C19,137,137,7.4,14.314,0.0,14.965,0.376,14.965,-0.376,0.0,0.0,0.0,0.0
127,129,FTO139,flatNominal,R-6C21,139,139,7.4,14.314,0.0,14.965,0.376,14.965,-0.376,0.0,0.0,0.0,0.0
128,624,FTO140,flatNominal,R-5C1,140,140,7.4,14.314,0.0,14.965,0.376,14.965,-0.376,0.0,0.0,0.0,0.0
129,489,FTO141,flatNominal,R-5C2,141,141,7.4,14.314,0.0,14.965,0.376,14.965,-0.376,0.0,0.0,0.0,0.0
130,238,FTO142,flatNominal,R-5C3,142,142,7.4,14.314,0.0,14.965,0.376,14.965,-0.376,0.0,0.0,0.0,0.0
131,1391,FTO143,flatNominal,R-5C4,143,143,7.4,14.314,0.0,14.965,0.376,14.965,-0.376,0.0,0.0,0.0,0.0
132,189,FTO144,flatNominal,R-5C5,144,144,7.4,14.314,0.0,14.965,0.376,14.965,-0.376,0.0,0.0,0.0,0.0
133,1170,FTO145,flatNominal,R-5C6,145,145,7.4,14.314,0.0,14.965,0.376,14.965,-0.376,0.0,0.0,0.0,0.0
134,1296,FTO146,flatNominal,R-5C7,146,146,7.4,14.314,0.0,14.965,0.376,14.965,-0.376,0.0,0.0,0.0,0.0
135,1374,FTO147,flatNominal,R-5C8,147,147,7.4,14.314,0.0,14.965,0.376,14.965,-0.376,0.0,0.0,0.0,0.0
136,1149,FTO148,flatNominal,R-5C9,148,148,7.4,14.314,0.0,14.965,0.376,14.965,-0.376,0.0,0.0,0.0,0.0
137,1349,FTO149,flatNominal,R-5C10,149,149,7.4,14.314,0.0,14.965,0.376,14.965,-0.376,0.0,0.0,0.0,0.0
138,78,FTO150,flatNominal,R-5C11,150,150,7.4,14.314,0.0,14.965,0.376,14.965,-0.376,0.0,0.0,0.0,0.0
139,1140,FTO151,flatNominal,R-5C12,151,151,7.4,14.314,0.0,14.965,0.376,14.965,-0.376,0.0,0.0,0.0,0.0
140,1400,FTO152,flatNominal,R-5C13,152,152,7.4,14.314,0.0,14.965,0.376,14.965,-0.376,0.0,0.0,0.0,0.0
141,1333,FTO153,flatNominal,R-5C14,153,153,7.4,14.314,0.0,14.965,0.376,14.965,-0.376,0.0,0.0,0.0,0.0
142,950,FTO154,flatNominal,R-5C15,154,154,7.4,14.314,0.0,14.965,0.376,14.965,-0.376,0.0,0.0,0.0,0.0
143,631,FTO155,flatNominal,R-5C16,155,155,7.4,14.314,0.0,14.965,0.376,14.965,-0.376,0.0,0.0,0.0,0.0
144,640,FTO156,flatNominal,R-5C17,156,156,7.4,14.314,0.0,14.965,0.376,14.965,-0.376,0.0,0.0,0.0,0.0
145,665,FTO157,flatNominal,R-5C18,157,157,7.4,14.314,0.0,14.965,0.376,14.965,-0.376,0.0,0.0,0.0,0.0
146,742,FTO158,flatNominal,R-5C19,158,158,7.4,14.314,0.0,14.965,0.376,14.965,-0.376,0.0,0.0,0.0,0.0
147,1051,FTO159,flatNominal,R-5C20,159,159,7.4,14.314,0.0,14.965,0.376,14.965,-0.376,0.0,0.0,0.0,0.0
148,1115,FTO160,flatNominal,R-5C21,160,160,7.4,14.314,0.0,14.965,0.376,14.965,-0.376,0.0,0.0,0.0,0.0
149,1158,FTO161,flatNominal,R-5C22,161,161,7.4,14.314,0.0,14.965,0.376,14.965,-0.376,0.0,0.0,0.0,0.0
150,695,FTO162,flatNominal,R-4C1,162,162,7.4,14.314,0.0,14.965,0.376,14.965,-0.376,0.0,0.0,0.0,0.0
151,1395,FTO163,flatNominal,R-4C2,163,163,7.4,14.314,0.0,14.965,0.376,14.965,-0.376,0.0,0.0,0.0,0.0
152,177,FTO164,flatNominal,R-4C3,164,164,7.4,14.314,0.0,14.965,0.376,14.965,-0.376,0.0,0.0,0.0,0.0
153,144,FTO165,flatNominal,R-4C4,165,165,7.4,14.314,0.0,14.965,0.376,14.965,-0.376,0.0,0.0,0.0,0.0
154,1308,FTO166,flatNominal,R-4C5,166,166,7.4,14.314,0.0,14.965,0.376,14.965,-0.376,0.0,0.0,0.0,0.0
155,1339,FTO168,flatNominal,R-4C7,168,168,7.4,14.314,0.0,14.965,0.376,14.965,-0.376,0.0,0.0,0.0,0.0
156,179,FTO169,flatNominal,R-4C8,169,169,7.4,14.314,0.0,14.965,0.376,14.965,-0.376,0.0,0.0,0.0,0.0
157,71,FTO170,flatNominal,R-4C9,170,170,7.4,14.314,0.0,14.965,0.376,14.965,-0.376,0.0,0.0,0.0,0.0
158,918,FTO171,flatNominal,R-4C10,171,171,7.4,14.314,0.0,14.965,0.376,14.965,-0.376,0.0,0.0,0.0,0.0
159,1324,FTO172,flatNominal,R-4C11,172,172,7.4,14.314,0.0,14.965,0.376,14.965,-0.376,0.0,0.0,0.0,0.0
160,140,FTO173,flatNominal,R-4C12,173,173,7.4,14.314,0.0,14.965,0.376,14.965,-0.376,0.0,0.0,0.0,0.0
161,1207,FTO174,flatNominal,R-4C13,174,174,7.4,14.314,0.0,14.965,0.376,14.965,-0.376,0.0,0.0,0.0,0.0
162,275,FTO175,flatNominal,R-4C14,175,175,7.4,14.314,0.0,14.965,0.376,14.965,-0.376,0.0,0.0,0.0,0.0
163,523,FTO176,flatNominal,R-4C15,176,176,7.4,14.314,0.0,14.965,0.376,14.965,-0.376,0.0,0.0,0.0,0.0
164,1334,FTO177,flatNominal,R-4C16,177,177,7.4,14.314,0.0,14.965,0.376,14.965,-0.376,0.0,0.0,0.0,0.0
165,690,FTO178,flatNominal,R-4C17,178,178,7.4,14.314,0.0,14.965,0.376,14.965,-0.376,0.0,0.0,0.0,0.0
166,943,FTO180,flatNominal,R-4C19,180,180,7.4,14.314,0.0,14.965,0.376,14.965,-0.376,0.0,0.0,0.0,0.0
167,842,FTO181,flatNominal,R-4C20,181,181,7.4,14.314,0.0,14.965,0.376,14.965,-0.376,0.0,0.0,0.0,0.0
168,610,FTO182,flatNominal,R-4C21,182,182,7.4,14.314,0.0,14.965,0.376,14.965,-0.376,0.0,0.0,0.0,0.0
169,1232,FTO183,flatNominal,R-4C22,183,183,7.4,14.314,0.0,14.965,0.376,14.965,-0.376,0.0,0.0,0.0,0.0
170,1058,FTO184,flatNominal,R-4C23,184,184,7.4,14.314,0.0,14.965,0.376,14.965,-0.376,0.0,0.0,0.0,0.0
171,1203,FTO185,flatNominal,R-3C1,185,185,7.4,14.314,0.0,14.965,0.376,14.965,-0.376,0.0,0.0,0.0,0.0
172,1378,FTO186,flatNominal,R-3C2,186,186,7.4,14.314,0.0,14.965,0.376,14.965,-0.376,0.0,0.0,0.0,0.0
173,147,FTO187,flatNominal,R-3C3,187,187,7.4,14.314,0.0,14.965,0.376,14.965,-0.376,0.0,0.0,0.0,0.0
174,1167,FTO189,flatNominal,R-3C5,189,189,7.4,14.314,0.0,14.965,0.376,14.965,-0.376,0.0,0.0,0.0,0.0
175,1172,FTO190,flatNominal,R-3C6,190,190,7.4,14.314,0.0,14.965,0.376,14.965,-0.376,0.0,0.0,0.0,0.0
176,1121,FTO191,flatNominal,R-3C7,191,191,7.4,14.314,0.0,14.965,0.376,14.965,-0.376,0.0,0.0,0.0,0.0
177,1351,FTO192,flatNominal,R-3C8,192,192,7.4,14.314,0.0,14.965,0.376,14.965,-0.376,0.0,0.0,0.0,0.0
178,1078,FTO193,flatNominal,R-3C9,193,193,7.4,14.314,0.0,14.965,0.376,14.965,-0.376,0.0,0.0,0.0,0.0
179,1083,FTO194,flatNominal,R-3C10,194,194,7.4,14.314,0.0,14.965,0.376,14.965,-0.376,0.0,0.0,0.0,0.0
180,1330,FTO195,flatNominal,R-3C11,195,195,7.4,14.314,0.0,14.965,0.376,14.965,-0.376,0.0,0.0,0.0,0.0
181,1328,FTO196,flatNominal,R-3C12,196,196,7.4,14.314,0.0,14.965,0.376,14.965,-0.376,0.0,0.0,0.0,0.0
182,1130,FTO197,flatNominal,R-3C13,197,197,7.4,14.314,0.0,14.965,0.376,14.965,-0.376,0.0,0.0,0.0,0.0
183,1358,FTO198,flatNominal,R-3C14,198,198,7.4,14.314,0.0,14.965,0.376,14.965,-0.376,0.0,0.0,0.0,0.0
184,1086,FTO199,flatNominal,R-3C15,199,199,7.4,14.314,0.0,14.965,0.376,14.965,-0.376,0.0,0.0,0.0,0.0
185,1113,FTO200,flatNominal,R-3C16,200,200,7.4,14.314,0.0,14.965,0.376,14.965,-0.376,0.0,0.0,0.0,0.0
186,256,FTO201,flatNominal,R-3C17,201,201,7.4,14.314,0.0,14.965,0.376,14.965,-0.376,0.0,0.0,0.0,0.0
187,791,FTO202,flatNominal,R-3C18,202,202,7.4,14.314,0.0,14.965,0.376,14.965,-0.376,0.0,0.0,0.0,0.0
188,1208,FTO203,flatNominal,R-3C19,203,203,7.4,14.314,0.0,14.965,0.376,14.965,-0.376,0.0,0.0,0.0,0.0
189,991,FTO204,flatNominal,R-3C20,204,204,7.4,14.314,0.0,14.965,0.376,14.965,-0.376,0.0,0.0,0.0,0.0
190,714,FTO206,flatNominal,R-3C22,206,206,7.4,14.314,0.0,14.965,0.376,14.965,-0.376,0.0,0.0,0.0,0.0
191,1326,FTO207,flatNominal,R-3C23,207,207,7.4,14.314,0.0,14.965,0.376,14.965,-0.376,0.0,0.0,0.0,0.0
192,107,FTO208,flatNominal,R-3C24,208,208,7.4,14.314,0.0,14.965,0.376,14.965,-0.376,0.0,0.0,0.0,0.0
193,650,FTO209,flatNominal,R-2C1,209,209,7.4,14.314,0.0,14.965,0.376,14.965,-0.376,0.0,0.0,0.0,0.0
194,410,FTO210,flatNominal,R-2C2,210,210,7.4,14.314,0.0,14.965,0.376,14.965,-0.376,0.0,0.0,0.0,0.0
195,1276,FTO211,flatNominal,R-2C3,211,211,7.4,14.314,0.0,14.965,0.376,14.965,-0.376,0.0,0.0,0.0,0.0
196,415,FTO212,flatNominal,R-2C4,212,212,7.4,14.314,0.0,14.965,0.376,14.965,-0.376,0.0,0.0,0.0,0.0
197,1143,FTO213,flatNominal,R-2C5,213,213,7.4,14.314,0.0,14.965,0.376,14.965,-0.376,0.0,0.0,0.0,0.0
198,1162,FTO214,flatNominal,R-2C6,214,214,7.4,14.314,0.0,14.965,0.376,14.965,-0.376,0.0,0.0,0.0,0.0
199,1054,FTO215,flatNominal,R-2C7,215,215,7.4,14.314,0.0,14.965,0.376,14.965,-0.376,0.0,0.0,0.0,0.0
200,1068,FTO216,flatNominal,R-2C8,216,216,7.4,14.314,0.0,14.965,0.376,14.965,-0.376,0.0,0.0,0.0,0.0
201,1103,FTO217,flatNominal,R-2C9,217,217,7.4,14.314,0.0,14.965,0.376,14.965,-0.376,0.0,0.0,0.0,0.0
202,1135,FTO219,flatNominal,R-2C11,219,219,7.4,14.314,0.0,14.965,0.376,14.965,-0.376,0.0,0.0,0.0,0.0
203,1085,FTO221,flatNominal,R-2C13,221,221,7.4,14.314,0.0,14.965,0.376,14.965,-0.376,0.0,0.0,0.0,0.0
204,1289,FTO223,flatNominal,R-2C15,223,223,7.4,14.314,0.0,14.965,0.376,14.965,-0.376,0.0,0.0,0.0,0.0
205,455,FTO225,flatNominal,R-2C17,225,225,7.4,14.314,0.0,14.965,0.376,14.965,-0.376,0.0,0.0,0.0,0.0
206,828,FTO226,flatNominal,R-2C18,226,226,7.4,14.314,0.0,14.965,0.376,14.965,-0.376,0.0,0.0,0.0,0.0
207,989,FTO227,flatNominal,R-2C19,227,227,7.4,14.314,0.0,14.965,0.376,14.965,-0.376,0.0,0.0,0.0,0.0
208,170,FTO228,flatNominal,R-2C20,228,228,7.4,14.314,0.0,14.965,0.376,14.965,-0.376,0.0,0.0,0.0,0.0
209,302,FTO229,flatNominal,R-2C21,229,229,7.4,14.314,0.0,14.965,0.376,14.965,-0.376,0.0,0.0,0.0,0.0
210,753,FTO230,flatNominal,R-2C22,230,230,7.4,14.314,0.0,14.965,0.376,14.965,-0.376,0.0,0.0,0.0,0.0
211,554,FTO231,flatNominal,R-2C23,231,231,7.4,14.314,0.0,14.965,0.376,14.965,-0.376,0.0,0.0,0.0,0.0
212,138,FTO232,flatNominal,R-2C24,232,232,7.4,14.314,0.0,14.965,0.376,14.965,-0.376,0.0,0.0,0.0,0.0
213,589,FTO233,flatNominal,R-2C25,233,233,7.4,14.314,0.0,14.965,0.376,14.965,-0.376,0.0,0.0,0.0,0.0
214,1174,FTO234,flatNominal,R-1C1,234,234,7.4,14.314,0.0,14.965,0.376,14.965,-0.376,0.0,0.0,0.0,0.0
215,188,FTO235,flatNominal,R-1C2,235,235,7.4,14.314,0.0,14.965,0.376,14.965,-0.376,0.0,0.0,0.0,0.0
216,743,FTO236,flatNominal,R-1C3,236,236,7.4,14.314,0.0,14.965,0.376,14.965,-0.376,0.0,0.0,0.0,0.0
217,1039,FTO237,flatNominal,R-1C4,237,237,7.4,14.314,0.0,14.965,0.376,14.965,-0.376,0.0,0.0,0.0,0.0
218,905,FTO238,flatNominal,R-1C5,238,238,7.4,14.314,0.0,14.965,0.376,14.965,-0.376,0.0,0.0,0.0,0.0
219,1137,FTO239,flatNominal,R-1C6,239,239,7.4,14.314,0.0,14.965,0.376,14.965,-0.376,0.0,0.0,0.0,0.0
220,288,FTO240,flatNominal,R-1C7,240,240,7.4,14.314,0.0,14.965,0.376,14.965,-0.376,0.0,0.0,0.0,0.0
221,1018,FTO241,flatNominal,R-1C8,241,241,7.4,14.314,0.0,14.965,0.376,14.965,-0.376,0.0,0.0,0.0,0.0
222,344,FTO242,flatNominal,R-1C9,242,242,7.4,14.314,0.0,14.965,0.376,14.965,-0.376,0.0,0.0,0.0,0.0
223,380,FTO243,flatNominal,R-1C10,243,243,7.4,14.314,0.0,14.965,0.376,14.965,-0.376,0.0,0.0,0.0,0.0
224,944,FTO244,flatNominal,R-1C11,244,244,7.4,14.314,0.0,14.965,0.376,14.965,-0.376,0.0,0.0,0.0,0.0
225,962,FTO245,flatNominal,R-1C12,245,245,7.4,14.314,0.0,14.965,0.376,14.965,-0.376,0.0,0.0,0.0,0.0
226,110,FTO246,flatNominal,R-1C13,246,246,7.4,14.314,0.0,14.965,0.376,14.965,-0.376,0.0,0.0,0.0,0.0
227,3,FTO247,flatNominal,R-1C14,247,247,7.4,14.314,0.0,14.965,0.376,14.965,-0.376,0.0,0.0,0.0,0.0
228,1215,FTO248,flatNominal,R-1C15,248,248,7.4,14.314,0.0,14.965,0.376,14.965,-0.376,0.0,0.0,0.0,0.0
229,1345,FTO249,flatNominal,R-1C16,249,249,7.4,14.314,0.0,14.965,0.376,14.965,-0.376,0.0,0.0,0.0,0.0
230,796,FTO250,flatNominal,R-1C17,250,250,7.4,14.314,0.0,14.965,0.376,14.965,-0.376,0.0,0.0,0.0,0.0
231,1000,FTO251,flatNominal,R-1C18,251,251,7.4,14.314,0.0,14.965,0.376,14.965,-0.376,0.0,0.0,0.0,0.0
232,581,FTO252,flatNominal,R-1C19,252,252,7.4,14.314,0.0,14.965,0.376,14.965,-0.376,0.0,0.0,0.0,0.0
233,675,FTO253,flatNominal,R-1C20,253,253,7.4,14.314,0.0,14.965,0.376,14.965,-0.376,0.0,0.0,0.0,0.0
234,975,FTO254,flatNominal,R-1C21,254,254,7.4,14.314,0.0,14.965,0.376,14.965,-0.376,0.0,0.0,0.0,0.0
235,1081,FTO255,flatNominal,R-1C22,255,255,7.4,14.314,0.0,14.965,0.376,14.965,-0.376,0.0,0.0,0.0,0.0
236,1266,FTO256,flatNominal,R-1C23,256,256,7.4,14.314,0.0,14.965,0.376,14.965,-0.376,0.0,0.0,0.0,0.0
237,748,FTO257,flatNominal,R-1C24,257,257,7.4,14.314,0.0,14.965,0.376,14.965,-0.376,0.0,0.0,0.0,0.0
238,278,FTO258,flatNominal,R-1C25,258,258,7.4,14.314,0.0,14.965,0.376,14.965,-0.376,0.0,0.0,0.0,0.0
239,394,FTO259,flatNominal,R-1C26,259,259,7.4,14.314,0.0,14.965,0.376,14.965,-0.376,0.0,0.0,0.0,0.0
240,663,FTO260,flatNominal,R0C1,260,260,7.4,14.314,0.0,14.965,0.376,14.965,-0.376,0.0,0.0,0.0,0.0
241,1053,FTO261,flatNominal,R0C2,261,261,7.4,14.314,0.0,14.965,0.376,14.965,-0.376,0.0,0.0,0.0,0.0
242,1396,FTO262,flatNominal,R0C3,262,262,7.4,14.314,0.0,14.965,0.376,14.965,-0.376,0.0,0.0,0.0,0.0
243,592,FTO264,flatNominal,R0C5,264,264,7.4,14.314,0.0,14.965,0.376,14.965,-0.376,0.0,0.0,0.0,0.0
244,119,FTO265,flatNominal,R0C6,265,265,7.4,14.314,0.0,14.965,0.376,14.965,-0.376,0.0,0.0,0.0,0.0
245,307,FTO266,flatNominal,R0C7,266,266,7.4,14.314,0.0,14.965,0.376,14.965,-0.376,0.0,0.0,0.0,0.0
246,667,FTO268,flatNominal,R0C9,268,268,7.4,14.314,0.0,14.965,0.376,14.965,-0.376,0.0,0.0,0.0,0.0
247,1355,FTO269,flatNominal,R0C10,269,269,7.4,14.314,0.0,14.965,0.376,14.965,-0.376,0.0,0.0,0.0,0.0
248,1148,FTO270,flatNominal,R0C11,270,270,7.4,14.314,0.0,14.965,0.376,14.965,-0.376,0.0,0.0,0.0,0.0
249,1063,FTO272,flatNominal,R0C13,272,272,7.4,14.314,0.0,14.965,0.376,14.965,-0.376,0.0,0.0,0.0,0.0
250,984,FTO274,flatNominal,R0C15,274,274,7.4,14.314,0.0,14.965,0.376,14.965,-0.376,0.0,0.0,0.0,0.0
251,1036,FTO276,flatNominal,R0C17,276,276,7.4,14.314,0.0,14.965,0.376,14.965,-0.376,0.0,0.0,0.0,0.0
252,805,FTO277,flatNominal,R0C18,277,277,7.4,14.314,0.0,14.965,0.376,14.965,-0.376,0.0,0.0,0.0,0.0
253,932,FTO278,flatNominal,R0C19,278,278,7.4,14.314,0.0,14.965,0.376,14.965,-0.376,0.0,0.0,0.0,0.0
254,784,FTO280,flatNominal,R0C21,280,280,7.4,14.314,0.0,14.965,0.376,14.965,-0.376,0.0,0.0,0.0,0.0
255,1125,FTO281,flatNominal,R0C22,281,281,7.4,14.314,0.0,14.965,0.376,14.965,-0.376,0.0,0.0,0.0,0.0
256,1370,FTO282,flatNominal,R0C23,282,282,7.4,14.314,0.0,14.965,0.376,14.965,-0.376,0.0,0.0,0.0,0.0
257,613,FTO284,flatNominal,R0C25,284,284,7.4,14.314,0.0,14.965,0.376,14.965,-0.376,0.0,0.0,0.0,0.0
258,870,FTO285,flatNominal,R0C26,285,285,7.4,14.314,0.0,14.965,0.376,14.965,-0.376,0.0,0.0,0.0,0.0
259,999,FTO286,flatNominal,R0C27,286,286,7.4,14.314,0.0,14.965,0.376,14.965,-0.376,0.0,0.0,0.0,0.0
260,483,FTO287,flatNominal,R+13C1,287,287,7.4,14.314,0.0,14.965,0.376,14.965,-0.376,0.0,0.0,0.0,0.0
261,1034,FTO288,flatNominal,R+13C2,288,288,7.4,14.314,0.0,14.965,0.376,14.965,-0.376,0.0,0.0,0.0,0.0
262,857,FTO289,flatNominal,R+13C3,289,289,7.4,14.314,0.0,14.965,0.376,14.965,-0.376,0.0,0.0,0.0,0.0
263,877,FTO290,flatNominal,R+13C4,290,290,7.4,14.314,0.0,14.965,0.376,14.965,-0.376,0.0,0.0,0.0,0.0
264,1190,FTO291,flatNominal,R+13C5,291,291,7.4,14.314,0.0,14.965,0.376,14.965,-0.376,0.0,0.0,0.0,0.0
265,1364,FTO292,flatNominal,R+13C6,292,292,7.4,14.314,0.0,14.965,0.376,14.965,-0.376,0.0,0.0,0.0,0.0
266,1252,FTO293,flatNominal,R+13C7,293,293,7.4,14.314,0.0,14.965,0.376,14.965,-0.376,0.0,0.0,0.0,0.0
267,488,FTO294,flatNominal,R+13C8,294,294,7.4,14.314,0.0,14.965,0.376,14.965,-0.376,0.0,0.0,0.0,0.0
268,894,FTO295,flatNominal,R+13C9,295,295,7.4,14.314,0.0,14.965,0.376,14.965,-0.376,0.0,0.0,0.0,0.0
269,1044,FTO296,flatNominal,R+13C10,296,296,7.4,14.314,0.0,14.965,0.376,14.965,-0.376,0.0,0.0,0.0,0.0
270,228,FTO297,flatNominal,R+13C11,297,297,7.4,14.314,0.0,14.965,0.376,14.965,-0.376,0.0,0.0,0.0,0.0
271,417,FTO298,flatNominal,R+13C12,298,298,7.4,14.314,0.0,14.965,0.376,14.965,-0.376,0.0,0.0,0.0,0.0
272,605,FTO299,flatNominal,R+13C13,299,299,7.4,14.314,0.0,14.965,0.376,14.965,-0.376,0.0,0.0,0.0,0.0
273,361,FTO300,flatNominal,R+13C14,300,300,7.4,14.314,0.0,14.965,0.376,14.965,-0.376,0.0,0.0,0.0,0.0
274,1144,FTO301,flatNominal,R+12C1,301,301,7.4,14.314,0.0,14.965,0.376,14.965,-0.376,0.0,0.0,0.0,0.0
275,333,FTO302,flatNominal,R+12C2,302,302,7.4,14.314,0.0,14.965,0.376,14.965,-0.376,0.0,0.0,0.0,0.0
276,1365,FTO303,flatNominal,R+12C3,303,303,7.4,14.314,0.0,14.965,0.376,14.965,-0.376,0.0,0.0,0.0,0.0
277,372,FTO304,flatNominal,R+12C4,304,304,7.4,14.314,0.0,14.965,0.376,14.965,-0.376,0.0,0.0,0.0,0.0
278,940,FTO305,flatNominal,R+12C5,305,305,7.4,14.314,0.0,14.965,0.376,14.965,-0.376,0.0,0.0,0.0,0.0
279,40,FTO306,flatNominal,R+12C6,306,306,7.4,14.314,0.0,14.965,0.376,14.965,-0.376,0.0,0.0,0.0,0.0
280,1287,FTO307,flatNominal,R+12C7,307,307,7.4,14.314,0.0,14.965,0.376,14.965,-0.376,0.0,0.0,0.0,0.0
281,452,FTO309,flatNominal,R+12C9,309,309,7.4,14.314,0.0,14.965,0.376,14.965,-0.376,0.0,0.0,0.0,0.0
282,885,FTO310,flatNominal,R+12C10,310,310,7.4,14.314,0.0,14.965,0.376,14.965,-0.376,0.0,0.0,0.0,0.0
283,1176,FTO311,flatNominal,R+12C11,311,311,7.4,14.314,0.0,14.965,0.376,14.965,-0.376,0.0,0.0,0.0,0.0
284,954,FTO312,flatNominal,R+12C12,312,312,7.4,14.314,0.0,14.965,0.376,14.965,-0.376,0.0,0.0,0.0,0.0
285,402,FTO313,flatNominal,R+12C13,313,313,7.4,14.314,0.0,14.965,0.376,14.965,-0.376,0.0,0.0,0.0,0.0
286,654,FTO314,flatNominal,R+12C14,314,314,7.4,14.314,0.0,14.965,0.376,14.965,-0.376,0.0,0.0,0.0,0.0
287,938,FTO315,flatNominal,R+12C15,315,315,7.4,14.314,0.0,14.965,0.376,14.965,-0.376,0.0,0.0,0.0,0.0
288,343,FTO316,flatNominal,R+11C1,316,316,7.4,14.314,0.0,14.965,0.376,14.965,-0.376,0.0,0.0,0.0,0.0
289,396,FTO317,flatNominal,R+11C2,317,317,7.4,14.314,0.0,14.965,0.376,14.965,-0.376,0.0,0.0,0.0,0.0
290,514,FTO318,flatNominal,R+11C3,318,318,7.4,14.314,0.0,14.965,0.376,14.965,-0.376,0.0,0.0,0.0,0.0
291,630,FTO319,flatNominal,R+11C4,319,319,7.4,14.314,0.0,14.965,0.376,14.965,-0.376,0.0,0.0,0.0,0.0
292,786,FTO320,flatNominal,R+11C5,320,320,7.4,14.314,0.0,14.965,0.376,14.965,-0.376,0.0,0.0,0.0,0.0
293,322,FTO321,flatNominal,R+11C6,321,321,7.4,14.314,0.0,14.965,0.376,14.965,-0.376,0.0,0.0,0.0,0.0
294,757,FTO322,flatNominal,R+11C7,322,322,7.4,14.314,0.0,14.965,0.376,14.965,-0.376,0.0,0.0,0.0,0.0
295,910,FTO323,flatNominal,R+11C8,323,323,7.4,14.314,0.0,14.965,0.376,14.965,-0.376,0.0,0.0,0.0,0.0
296,598,FTO324,flatNominal,R+11C9,324,324,7.4,14.314,0.0,14.965,0.376,14.965,-0.376,0.0,0.0,0.0,0.0
297,1069,FTO325,flatNominal,R+11C10,325,325,7.4,14.314,0.0,14.965,0.376,14.965,-0.376,0.0,0.0,0.0,0.0
298,906,FTO326,flatNominal,R+11C11,326,326,7.4,14.314,0.0,14.965,0.376,14.965,-0.376,0.0,0.0,0.0,0.0
299,1300,FTO327,flatNominal,R+11C12,327,327,7.4,14.314,0.0,14.965,0.376,14.965,-0.376,0.0,0.0,0.0,0.0
300,866,FTO328,flatNominal,R+11C13,328,328,7.4,14.314,0.0,14.965,0.376,14.965,-0.376,0.0,0.0,0.0,0.0
301,895,FTO329,flatNominal,R+11C14,329,329,7.4,14.314,0.0,14.965,0.376,14.965,-0.376,0.0,0.0,0.0,0.0
302,432,FTO330,flatNominal,R+11C15,330,330,7.4,14.314,0.0,14.965,0.376,14.965,-0.376,0.0,0.0,0.0,0.0
303,678,FTO331,flatNominal,R+11C16,331,331,7.4,14.314,0.0,14.965,0.376,14.965,-0.376,0.0,0.0,0.0,0.0
304,1177,FTO332,flatNominal,R+10C1,332,332,7.4,14.314,0.0,14.965,0.376,14.965,-0.376,0.0,0.0,0.0,0.0
305,691,FTO333,flatNominal,R+10C2,333,333,7.4,14.314,0.0,14.965,0.376,14.965,-0.376,0.0,0.0,0.0,0.0
306,264,FTO334,flatNominal,R+10C3,334,334,7.4,14.314,0.0,14.965,0.376,14.965,-0.376,0.0,0.0,0.0,0.0
307,572,FTO336,flatNominal,R+10C5,336,336,7.4,14.314,0.0,14.965,0.376,14.965,-0.376,0.0,0.0,0.0,0.0
308,648,FTO337,flatNominal,R+10C6,337,337,7.4,14.314,0.0,14.965,0.376,14.965,-0.376,0.0,0.0,0.0,0.0
309,956,FTO339,flatNominal,R+10C8,339,339,7.4,14.314,0.0,14.965,0.376,14.965,-0.376,0.0,0.0,0.0,0.0
310,199,FTO340,flatNominal,R+10C9,340,340,7.4,14.314,0.0,14.965,0.376,14.965,-0.376,0.0,0.0,0.0,0.0
311,760,FTO341,flatNominal,R+10C10,341,341,7.4,14.314,0.0,14.965,0.376,14.965,-0.376,0.0,0.0,0.0,0.0
312,840,FTO343,flatNominal,R+10C12,343,343,7.4,14.314,0.0,14.965,0.376,14.965,-0.376,0.0,0.0,0.0,0.0
313,903,FTO344,flatNominal,R+10C13,344,344,7.4,14.314,0.0,14.965,0.376,14.965,-0.376,0.0,0.0,0.0,0.0
314,1013,FTO346,flatNominal,R+10C15,346,346,7.4,14.314,0.0,14.965,0.376,14.965,-0.376,0.0,0.0,0.0,0.0
315,819,FTO347,flatNominal,R+10C16,347,347,7.4,14.314,0.0,14.965,0.376,14.965,-0.376,0.0,0.0,0.0,0.0
316,1091,FTO348,flatNominal,R+10C17,348,348,7.4,14.314,0.0,14.965,0.376,14.965,-0.376,0.0,0.0,0.0,0.0
317,809,FTO349,flatNominal,R+9C1,349,349,7.4,14.314,0.0,14.965,0.376,14.965,-0.376,0.0,0.0,0.0,0.0
318,1213,FTO350,flatNominal,R+9C2,350,350,7.4,14.314,0.0,14.965,0.376,14.965,-0.376,0.0,0.0,0.0,0.0
319,891,FTO351,flatNominal,R+9C3,351,351,7.4,14.314,0.0,14.965,0.376,14.965,-0.376,0.0,0.0,0.0,0.0
320,1285,FTO352,flatNominal,R+9C4,352,352,7.4,14.314,0.0,14.965,0.376,14.965,-0.376,0.0,0.0,0.0,0.0
321,1246,FTO353,flatNominal,R+9C5,353,353,7.4,14.314,0.0,14.965,0.376,14.965,-0.376,0.0,0.0,0.0,0.0
322,409,FTO354,flatNominal,R+9C6,354,354,7.4,14.314,0.0,14.965,0.376,14.965,-0.376,0.0,0.0,0.0,0.0
323,580,FTO355,flatNominal,R+9C7,355,355,7.4,14.314,0.0,14.965,0.376,14.965,-0.376,0.0,0.0,0.0,0.0
324,1028,FTO356,flatNominal,R+9C8,356,356,7.4,14.314,0.0,14.965,0.376,14.965,-0.376,0.0,0.0,0.0,0.0
325,721,FTO357,flatNominal,R+9C9,357,357,7.4,14.314,0.0,14.965,0.376,14.965,-0.376,0.0,0.0,0.0,0.0
326,985,FTO358,flatNominal,R+9C10,358,358,7.4,14.314,0.0,14.965,0.376,14.965,-0.376,0.0,0.0,0.0,0.0
327,963,FTO359,flatNominal,R+9C11,359,359,7.4,14.314,0.0,14.965,0.376,14.965,-0.376,0.0,0.0,0.0,0.0
328,635,FTO360,flatNominal,R+9C12,360,360,7.4,14.314,0.0,14.965,0.376,14.965,-0.376,0.0,0.0,0.0,0.0
329,1070,FTO361,flatNominal,R+9C13,361,361,7.4,14.314,0.0,14.965,0.376,14.965,-0.376,0.0,0.0,0.0,0.0
330,973,FTO362,flatNominal,R+9C14,362,362,7.4,14.314,0.0,14.965,0.376,14.965,-0.376,0.0,0.0,0.0,0.0
331,868,FTO363,flatNominal,R+9C15,363,363,7.4,14.314,0.0,14.965,0.376,14.965,-0.376,0.0,0.0,0.0,0.0
332,787,FTO364,flatNominal,R+9C16,364,364,7.4,14.314,0.0,14.965,0.376,14.965,-0.376,0.0,0.0,0.0,0.0
333,626,FTO365,flatNominal,R+9C17,365,365,7.4,14.314,0.0,14.965,0.376,14.965,-0.376,0.0,0.0,0.0,0.0
334,830,FTO366,flatNominal,R+9C18,366,366,7.4,14.314,0.0,14.965,0.376,14.965,-0.376,0.0,0.0,0.0,0.0
335,588,FTO367,flatNominal,R+8C1,367,367,7.4,14.314,0.0,14.965,0.376,14.965,-0.376,0.0,0.0,0.0,0.0
336,1226,FTO368,flatNominal,R+8C2,368,368,7.4,14.314,0.0,14.965,0.376,14.965,-0.376,0.0,0.0,0.0,0.0
337,565,FTO369,flatNominal,R+8C3,369,369,7.4,14.314,0.0,14.965,0.376,14.965,-0.376,0.0,0.0,0.0,0.0
338,608,FTO370,flatNominal,R+8C4,370,370,7.4,14.314,0.0,14.965,0.376,14.965,-0.376,0.0,0.0,0.0,0.0
339,160,FTO371,flatNominal,R+8C5,371,371,7.4,14.314,0.0,14.965,0.376,14.965,-0.376,0.0,0.0,0.0,0.0
340,1270,FTO372,flatNominal,R+8C6,372,372,7.4,14.314,0.0,14.965,0.376,14.965,-0.376,0.0,0.0,0.0,0.0
341,437,FTO373,flatNominal,R+8C7,373,373,7.4,14.314,0.0,14.965,0.376,14.965,-0.376,0.0,0.0,0.0,0.0
342,422,FTO374,flatNominal,R+8C8,374,374,7.4,14.314,0.0,14.965,0.376,14.965,-0.376,0.0,0.0,0.0,0.0
343,1049,FTO375,flatNominal,R+8C9,375,375,7.4,14.314,0.0,14.965,0.376,14.965,-0.376,0.0,0.0,0.0,0.0
344,716,FTO377,flatNominal,R+8C11,377,377,7.4,14.314,0.0,14.965,0.376,14.965,-0.376,0.0,0.0,0.0,0.0
345,781,FTO378,flatNominal,R+8C12,378,378,7.4,14.314,0.0,14.965,0.376,14.965,-0.376,0.0,0.0,0.0,0.0
346,901,FTO379,flatNominal,R+8C13,379,379,7.4,14.314,0.0,14.965,0.376,14.965,-0.376,0.0,0.0,0.0,0.0
347,964,FTO380,flatNominal,R+8C14,380,380,7.4,14.314,0.0,14.965,0.376,14.965,-0.376,0.0,0.0,0.0,0.0
348,493,FTO381,flatNominal,R+8C15,381,381,7.4,14.314,0.0,14.965,0.376,14.965,-0.376,0.0,0.0,0.0,0.0
349,1182,FTO382,flatNominal,R+8C16,382,382,7.4,14.314,0.0,14.965,0.376,14.965,-0.376,0.0,0.0,0.0,0.0
350,692,FTO383,flatNominal,R+8C17,383,383,7.4,14.314,0.0,14.965,0.376,14.965,-0.376,0.0,0.0,0.0,0.0
351,660,FTO384,flatNominal,R+8C18,384,384,7.4,14.314,0.0,14.965,0.376,14.965,-0.376,0.0,0.0,0.0,0.0
352,1109,FTO385,flatNominal,R+8C19,385,385,7.4,14.314,0.0,14.965,0.376,14.965,-0.376,0.0,0.0,0.0,0.0
353,793,FTO386,flatNominal,R+7C1,386,386,7.4,14.314,0.0,14.965,0.376,14.965,-0.376,0.0,0.0,0.0,0.0
354,994,FTO387,flatNominal,R+7C2,387,387,7.4,14.314,0.0,14.965,0.376,14.965,-0.376,0.0,0.0,0.0,0.0
355,766,FTO388,flatNominal,R+7C3,388,388,7.4,14.314,0.0,14.965,0.376,14.965,-0.376,0.0,0.0,0.0,0.0
356,664,FTO390,flatNominal,R+7C5,390,390,7.4,14.314,0.0,14.965,0.376,14.965,-0.376,0.0,0.0,0.0,0.0
357,802,FTO391,flatNominal,R+7C6,391,391,7.4,14.314,0.0,14.965,0.376,14.965,-0.376,0.0,0.0,0.0,0.0
358,16,FTO392,flatNominal,R+7C7,392,392,7.4,14.314,0.0,14.965,0.376,14.965,-0.376,0.0,0.0,0.0,0.0
359,448,FTO393,flatNominal,R+7C8,393,393,7.4,14.314,0.0,14.965,0.376,14.965,-0.376,0.0,0.0,0.0,0.0
360,904,FTO394,flatNominal,R+7C9,394,394,7.4,14.314,0.0,14.965,0.376,14.965,-0.376,0.0,0.0,0.0,0.0
361,481,FTO395,flatNominal,R+7C10,395,395,7.4,14.314,0.0,14.965,0.376,14.965,-0.376,0.0,0.0,0.0,0.0
362,818,FTO396,flatNominal,R+7C11,396,396,7.4,14.314,0.0,14.965,0.376,14.965,-0.376,0.0,0.0,0.0,0.0
363,619,FTO397,flatNominal,R+7C12,397,397,7.4,14.314,0.0,14.965,0.376,14.965,-0.376,0.0,0.0,0.0,0.0
364,1241,FTO398,flatNominal,R+7C13,398,398,7.4,14.314,0.0,14.965,0.376,14.965,-0.376,0.0,0.0,0.0,0.0
365,604,FTO399,flatNominal,R+7C14,399,399,7.4,14.314,0.0,14.965,0.376,14.965,-0.376,0.0,0.0,0.0,0.0
366,1043,FTO400,flatNominal,R+7C15,400,400,7.4,14.314,0.0,14.965,0.376,14.965,-0.376,0.0,0.0,0.0,0.0
367,1240,FTO401,flatNominal,R+7C16,401,401,7.4,14.314,0.0,14.965,0.376,14.965,-0.376,0.0,0.0,0.0,0.0
368,698,FTO403,flatNominal,R+7C18,403,403,7.4,14.314,0.0,14.965,0.376,14.965,-0.376,0.0,0.0,0.0,0.0
369,200,FTO404,flatNominal,R+7C19,404,404,7.4,14.314,0.0,14.965,0.376,14.965,-0.376,0.0,0.0,0.0,0.0
370,1155,FTO405,flatNominal,R+7C20,405,405,7.4,14.314,0.0,14.965,0.376,14.965,-0.376,0.0,0.0,0.0,0.0
371,383,FTO406,flatNominal,R+6C1,406,406,7.4,14.314,0.0,14.965,0.376,14.965,-0.376,0.0,0.0,0.0,0.0
372,1011,FTO408,flatNominal,R+6C3,408,408,7.4,14.314,0.0,14.965,0.376,14.965,-0.376,0.0,0.0,0.0,0.0
373,325,FTO409,flatNominal,R+6C4,409,409,7.4,14.314,0.0,14.965,0.376,14.965,-0.376,0.0,0.0,0.0,0.0
374,612,FTO410,flatNominal,R+6C5,410,410,7.4,14.314,0.0,14.965,0.376,14.965,-0.376,0.0,0.0,0.0,0.0
375,1290,FTO411,flatNominal,R+6C6,411,411,7.4,14.314,0.0,14.965,0.376,14.965,-0.376,0.0,0.0,0.0,0.0
376,1251,FTO412,flatNominal,R+6C7,412,412,7.4,14.314,0.0,14.965,0.376,14.965,-0.376,0.0,0.0,0.0,0.0
377,717,FTO414,flatNominal,R+6C9,414,414,7.4,14.314,0.0,14.965,0.376,14.965,-0.376,0.0,0.0,0.0,0.0
378,506,FTO415,flatNominal,R+6C10,415,415,7.4,14.314,0.0,14.965,0.376,14.965,-0.376,0.0,0.0,0.0,0.0
379,623,FTO416,flatNominal,R+6C11,416,416,7.4,14.314,0.0,14.965,0.376,14.965,-0.376,0.0,0.0,0.0,0.0
380,849,FTO417,flatNominal,R+6C12,417,417,7.4,14.314,0.0,14.965,0.376,14.965,-0.376,0.0,0.0,0.0,0.0
381,730,FTO418,flatNominal,R+6C13,418,418,7.4,14.314,0.0,14.965,0.376,14.965,-0.376,0.0,0.0,0.0,0.0
382,577,FTO420,flatNominal,R+6C15,420,420,7.4,14.314,0.0,14.965,0.376,14.965,-0.376,0.0,0.0,0.0,0.0
383,790,FTO421,flatNominal,R+6C16,421,421,7.4,14.314,0.0,14.965,0.376,14.965,-0.376,0.0,0.0,0.0,0.0
384,681,FTO422,flatNominal,R+6C17,422,422,7.4,14.314,0.0,14.965,0.376,14.965,-0.376,0.0,0.0,0.0,0.0
385,908,FTO423,flatNominal,R+6C18,423,423,7.4,14.314,0.0,14.965,0.376,14.965,-0.376,0.0,0.0,0.0,0.0
386,501,FTO424,flatNominal,R+6C19,424,424,7.4,14.314,0.0,14.965,0.376,14.965,-0.376,0.0,0.0,0.0,0.0
387,706,FTO426,flatNominal,R+6C21,426,426,7.4,14.314,0.0,14.965,0.376,14.965,-0.376,0.0,0.0,0.0,0.0
388,1098,FTO427,flatNominal,R+5C1,427,427,7.4,14.314,0.0,14.965,0.376,14.965,-0.376,0.0,0.0,0.0,0.0
389,1093,FTO428,flatNominal,R+5C2,428,428,7.4,14.314,0.0,14.965,0.376,14.965,-0.376,0.0,0.0,0.0,0.0
390,795,FTO429,flatNominal,R+5C3,429,429,7.4,14.314,0.0,14.965,0.376,14.965,-0.376,0.0,0.0,0.0,0.0
391,627,FTO430,flatNominal,R+5C4,430,430,7.4,14.314,0.0,14.965,0.376,14.965,-0.376,0.0,0.0,0.0,0.0
392,466,FTO431,flatNominal,R+5C5,431,431,7.4,14.314,0.0,14.965,0.376,14.965,-0.376,0.0,0.0,0.0,0.0
393,639,FTO432,flatNominal,R+5C6,432,432,7.4,14.314,0.0,14.965,0.376,14.965,-0.376,0.0,0.0,0.0,0.0
394,1281,FTO433,flatNominal,R+5C7,433,433,7.4,14.314,0.0,14.965,0.376,14.965,-0.376,0.0,0.0,0.0,0.0
395,1095,FTO434,flatNominal,R+5C8,434,434,7.4,14.314,0.0,14.965,0.376,14.965,-0.376,0.0,0.0,0.0,0.0
396,741,FTO435,flatNominal,R+5C9,435,435,7.4,14.314,0.0,14.965,0.376,14.965,-0.376,0.0,0.0,0.0,0.0
397,495,FTO436,flatNominal,R+5C10,436,436,7.4,14.314,0.0,14.965,0.376,14.965,-0.376,0.0,0.0,0.0,0.0
398,1040,FTO437,flatNominal,R+5C11,437,437,7.4,14.314,0.0,14.965,0.376,14.965,-0.376,0.0,0.0,0.0,0.0
399,668,FTO438,flatNominal,R+5C12,438,438,7.4,14.314,0.0,14.965,0.376,14.965,-0.376,0.0,0.0,0.0,0.0
400,827,FTO439,flatNominal,R+5C13,439,439,7.4,14.314,0.0,14.965,0.376,14.965,-0.376,0.0,0.0,0.0,0.0
401,814,FTO440,flatNominal,R+5C14,440,440,7.4,14.314,0.0,14.965,0.376,14.965,-0.376,0.0,0.0,0.0,0.0
402,965,FTO441,flatNominal,R+5C15,441,441,7.4,14.314,0.0,14.965,0.376,14.965,-0.376,0.0,0.0,0.0,0.0
403,475,FTO442,flatNominal,R+5C16,442,442,7.4,14.314,0.0,14.965,0.376,14.965,-0.376,0.0,0.0,0.0,0.0
404,52,FTO443,flatNominal,R+5C17,443,443,7.4,14.314,0.0,14.965,0.376,14.965,-0.376,0.0,0.0,0.0,0.0
405,1017,FTO444,flatNominal,R+5C18,444,444,7.4,14.314,0.0,14.965,0.376,14.965,-0.376,0.0,0.0,0.0,0.0
406,63,FTO445,flatNominal,R+5C19,445,445,7.4,14.314,0.0,14.965,0.376,14.965,-0.376,0.0,0.0,0.0,0.0
407,689,FTO446,flatNominal,R+5C20,446,446,7.4,14.314,0.0,14.965,0.376,14.965,-0.376,0.0,0.0,0.0,0.0
408,1046,FTO447,flatNominal,R+5C21,447,447,7.4,14.314,0.0,14.965,0.376,14.965,-0.376,0.0,0.0,0.0,0.0
409,847,FTO448,flatNominal,R+5C22,448,448,7.4,14.314,0.0,14.965,0.376,14.965,-0.376,0.0,0.0,0.0,0.0
410,674,FTO449,flatNominal,R+4C1,449,449,7.4,14.314,0.0,14.965,0.376,14.965,-0.376,0.0,0.0,0.0,0.0
411,971,FTO450,flatNominal,R+4C2,450,450,7.4,14.314,0.0,14.965,0.376,14.965,-0.376,0.0,0.0,0.0,0.0
412,436,FTO451,flatNominal,R+4C3,451,451,7.4,14.314,0.0,14.965,0.376,14.965,-0.376,0.0,0.0,0.0,0.0
413,233,FTO452,flatNominal,R+4C4,452,452,7.4,14.314,0.0,14.965,0.376,14.965,-0.376,0.0,0.0,0.0,0.0
414,820,FTO453,flatNominal,R+4C5,453,453,7.4,14.314,0.0,14.965,0.376,14.965,-0.376,0.0,0.0,0.0,0.0
415,990,FTO455,flatNominal,R+4C7,455,455,7.4,14.314,0.0,14.965,0.376,14.965,-0.376,0.0,0.0,0.0,0.0
416,995,FTO456,flatNominal,R+4C8,456,456,7.4,14.314,0.0,14.965,0.376,14.965,-0.376,0.0,0.0,0.0,0.0
417,761,FTO457,flatNominal,R+4C9,457,457,7.4,14.314,0.0,14.965,0.376,14.965,-0.376,0.0,0.0,0.0,0.0
418,192,FTO458,flatNominal,R+4C10,458,458,7.4,14.314,0.0,14.965,0.376,14.965,-0.376,0.0,0.0,0.0,0.0
419,1037,FTO459,flatNominal,R+4C11,459,459,7.4,14.314,0.0,14.965,0.376,14.965,-0.376,0.0,0.0,0.0,0.0
420,638,FTO460,flatNominal,R+4C12,460,460,7.4,14.314,0.0,14.965,0.376,14.965,-0.376,0.0,0.0,0.0,0.0
421,1376,FTO461,flatNominal,R+4C13,461,461,7.4,14.314,0.0,14.965,0.376,14.965,-0.376,0.0,0.0,0.0,0.0
422,1382,FTO462,flatNominal,R+4C14,462,462,7.4,14.314,0.0,14.965,0.376,14.965,-0.376,0.0,0.0,0.0,0.0
423,261,FTO463,flatNominal,R+4C15,463,463,7.4,14.314,0.0,14.965,0.376,14.965,-0.376,0.0,0.0,0.0,0.0
424,816,FTO464,flatNominal,R+4C16,464,464,7.4,14.314,0.0,14.965,0.376,14.965,-0.376,0.0,0.0,0.0,0.0
425,463,FTO465,flatNominal,R+4C17,465,465,7.4,14.314,0.0,14.965,0.376,14.965,-0.376,0.0,0.0,0.0,0.0
426,852,FTO467,flatNominal,R+4C19,467,467,7.4,14.314,0.0,14.965,0.376,14.965,-0.376,0.0,0.0,0.0,0.0
427,460,FTO468,flatNominal,R+4C20,468,468,7.4,14.314,0.0,14.965,0.376,14.965,-0.376,0.0,0.0,0.0,0.0
428,899,FTO469,flatNominal,R+4C21,469,469,7.4,14.314,0.0,14.965,0.376,14.965,-0.376,0.0,0.0,0.0,0.0
429,806,FTO470,flatNominal,R+4C22,470,470,7.4,14.314,0.0,14.965,0.376,14.965,-0.376,0.0,0.0,0.0,0.0
430,872,FTO471,flatNominal,R+4C23,471,471,7.4,14.314,0.0,14.965,0.376,14.965,-0.376,0.0,0.0,0.0,0.0
431,839,FTO472,flatNominal,R+3C1,472,472,7.4,14.314,0.0,14.965,0.376,14.965,-0.376,0.0,0.0,0.0,0.0
432,886,FTO473,flatNominal,R+3C2,473,473,7.4,14.314,0.0,14.965,0.376,14.965,-0.376,0.0,0.0,0.0,0.0
433,669,FTO474,flatNominal,R+3C3,474,474,7.4,14.314,0.0,14.965,0.376,14.965,-0.376,0.0,0.0,0.0,0.0
434,1357,FTO476,flatNominal,R+3C5,476,476,7.4,14.314,0.0,14.965,0.376,14.965,-0.376,0.0,0.0,0.0,0.0
435,1346,FTO477,flatNominal,R+3C6,477,477,7.4,14.314,0.0,14.965,0.376,14.965,-0.376,0.0,0.0,0.0,0.0
436,979,FTO478,flatNominal,R+3C7,478,478,7.4,14.314,0.0,14.965,0.376,14.965,-0.376,0.0,0.0,0.0,0.0
437,1354,FTO479,flatNominal,R+3C8,479,479,7.4,14.314,0.0,14.965,0.376,14.965,-0.376,0.0,0.0,0.0,0.0
438,260,FTO480,flatNominal,R+3C9,480,480,7.4,14.314,0.0,14.965,0.376,14.965,-0.376,0.0,0.0,0.0,0.0
439,503,FTO481,flatNominal,R+3C10,481,481,7.4,14.314,0.0,14.965,0.376,14.965,-0.376,0.0,0.0,0.0,0.0
440,914,FTO482,flatNominal,R+3C11,482,482,7.4,14.314,0.0,14.965,0.376,14.965,-0.376,0.0,0.0,0.0,0.0
441,1126,FTO483,flatNominal,R+3C12,483,483,7.4,14.314,0.0,14.965,0.376,14.965,-0.376,0.0,0.0,0.0,0.0
442,296,FTO484,flatNominal,R+3C13,484,484,7.4,14.314,0.0,14.965,0.376,14.965,-0.376,0.0,0.0,0.0,0.0
443,575,FTO485,flatNominal,R+3C14,485,485,7.4,14.314,0.0,14.965,0.376,14.965,-0.376,0.0,0.0,0.0,0.0
444,694,FTO486,flatNominal,R+3C15,486,486,7.4,14.314,0.0,14.965,0.376,14.965,-0.376,0.0,0.0,0.0,0.0
445,1329,FTO487,flatNominal,R+3C16,487,487,7.4,14.314,0.0,14.965,0.376,14.965,-0.376,0.0,0.0,0.0,0.0
446,825,FTO488,flatNominal,R+3C17,488,488,7.4,14.314,0.0,14.965,0.376,14.965,-0.376,0.0,0.0,0.0,0.0
447,719,FTO489,flatNominal,R+3C18,489,489,7.4,14.314,0.0,14.965,0.376,14.965,-0.376,0.0,0.0,0.0,0.0
448,902,FTO490,flatNominal,R+3C19,490,490,7.4,14.314,0.0,14.965,0.376,14.965,-0.376,0.0,0.0,0.0,0.0
449,912,FTO491,flatNominal,R+3C20,491,491,7.4,14.314,0.0,14.965,0.376,14.965,-0.376,0.0,0.0,0.0,0.0
450,835,FTO493,flatNominal,R+3C22,493,493,7.4,14.314,0.0,14.965,0.376,14.965,-0.376,0.0,0.0,0.0,0.0
451,832,FTO494,flatNominal,R+3C23,494,494,7.4,14.314,0.0,14.965,0.376,14.965,-0.376,0.0,0.0,0.0,0.0
452,1019,FTO495,flatNominal,R+3C24,495,495,7.4,14.314,0.0,14.965,0.376,14.965,-0.376,0.0,0.0,0.0,0.0
453,1267,FTO496,flatNominal,R+2C1,496,496,7.4,14.314,0.0,14.965,0.376,14.965,-0.376,0.0,0.0,0.0,0.0
454,733,FTO497,flatNominal,R+2C2,497,497,7.4,14.314,0.0,14.965,0.376,14.965,-0.376,0.0,0.0,0.0,0.0
455,552,FTO498,flatNominal,R+2C3,498,498,7.4,14.314,0.0,14.965,0.376,14.965,-0.376,0.0,0.0,0.0,0.0
456,1342,FTO499,flatNominal,R+2C4,499,499,7.4,14.314,0.0,14.965,0.376,14.965,-0.376,0.0,0.0,0.0,0.0
457,1323,FTO500,flatNominal,R+2C5,500,500,7.4,14.314,0.0,14.965,0.376,14.965,-0.376,0.0,0.0,0.0,0.0
458,1026,FTO501,flatNominal,R+2C6,501,501,7.4,14.314,0.0,14.965,0.376,14.965,-0.376,0.0,0.0,0.0,0.0
459,1200,FTO502,flatNominal,R+2C7,502,502,7.4,14.314,0.0,14.965,0.376,14.965,-0.376,0.0,0.0,0.0,0.0
460,1032,FTO503,flatNominal,R+2C8,503,503,7.4,14.314,0.0,14.965,0.376,14.965,-0.376,0.0,0.0,0.0,0.0
461,789,FTO504,flatNominal,R+2C9,504,504,7.4,14.314,0.0,14.965,0.376,14.965,-0.376,0.0,0.0,0.0,0.0
462,599,FTO506,flatNominal,R+2C11,506,506,7.4,14.314,0.0,14.965,0.376,14.965,-0.376,0.0,0.0,0.0,0.0
463,986,FTO508,flatNominal,R+2C13,508,508,7.4,14.314,0.0,14.965,0.376,14.965,-0.376,0.0,0.0,0.0,0.0
464,693,FTO510,flatNominal,R+2C15,510,510,7.4,14.314,0.0,14.965,0.376,14.965,-0.376,0.0,0.0,0.0,0.0
465,450,FTO512,flatNominal,R+2C17,512,512,7.4,14.314,0.0,14.965,0.376,14.965,-0.376,0.0,0.0,0.0,0.0
466,709,FTO513,flatNominal,R+2C18,513,513,7.4,14.314,0.0,14.965,0.376,14.965,-0.376,0.0,0.0,0.0,0.0
467,765,FTO514,flatNominal,R+2C19,514,514,7.4,14.314,0.0,14.965,0.376,14.965,-0.376,0.0,0.0,0.0,0.0
468,936,FTO515,flatNominal,R+2C20,515,515,7.4,14.314,0.0,14.965,0.376,14.965,-0.376,0.0,0.0,0.0,0.0
469,921,FTO516,flatNominal,R+2C21,516,516,7.4,14.314,0.0,14.965,0.376,14.965,-0.376,0.0,0.0,0.0,0.0
470,762,FTO517,flatNominal,R+2C22,517,517,7.4,14.314,0.0,14.965,0.376,14.965,-0.376,0.0,0.0,0.0,0.0
471,1301,FTO518,flatNominal,R+2C23,518,518,7.4,14.314,0.0,14.965,0.376,14.965,-0.376,0.0,0.0,0.0,0.0
472,951,FTO519,flatNominal,R+2C24,519,519,7.4,14.314,0.0,14.965,0.376,14.965,-0.376,0.0,0.0,0.0,0.0
473,375,FTO520,flatNominal,R+2C25,520,520,7.4,14.314,0.0,14.965,0.376,14.965,-0.376,0.0,0.0,0.0,0.0
474,550,FTO521,flatNominal,R+1C1,521,521,7.4,14.314,0.0,14.965,0.376,14.965,-0.376,0.0,0.0,0.0,0.0
475,597,FTO522,flatNominal,R+1C2,522,522,7.4,14.314,0.0,14.965,0.376,14.965,-0.376,0.0,0.0,0.0,0.0
476,533,FTO523,flatNominal,R+1C3,523,523,7.4,14.314,0.0,14.965,0.376,14.965,-0.376,0.0,0.0,0.0,0.0
477,1260,FTO524,flatNominal,R+1C4,524,524,7.4,14.314,0.0,14.965,0.376,14.965,-0.376,0.0,0.0,0.0,0.0
478,1201,FTO525,flatNominal,R+1C5,525,525,7.4,14.314,0.0,14.965,0.376,14.965,-0.376,0.0,0.0,0.0,0.0
479,469,FTO526,flatNominal,R+1C6,526,526,7.4,14.314,0.0,14.965,0.376,14.965,-0.376,0.0,0.0,0.0,0.0
480,875,FTO527,flatNominal,R+1C7,527,527,7.4,14.314,0.0,14.965,0.376,14.965,-0.376,0.0,0.0,0.0,0.0
481,310,FTO528,flatNominal,R+1C8,528,528,7.4,14.314,0.0,14.965,0.376,14.965,-0.376,0.0,0.0,0.0,0.0
482,1272,FTO529,flatNominal,R+1C9,529,529,7.4,14.314,0.0,14.965,0.376,14.965,-0.376,0.0,0.0,0.0,0.0
483,1222,FTO530,flatNominal,R+1C10,530,530,7.4,14.314,0.0,14.965,0.376,14.965,-0.376,0.0,0.0,0.0,0.0
484,1202,FTO531,flatNominal,R+1C11,531,531,7.4,14.314,0.0,14.965,0.376,14.965,-0.376,0.0,0.0,0.0,0.0
485,1012,FTO532,flatNominal,R+1C12,532,532,7.4,14.314,0.0,14.965,0.376,14.965,-0.376,0.0,0.0,0.0,0.0
486,846,FTO533,flatNominal,R+1C13,533,533,7.4,14.314,0.0,14.965,0.376,14.965,-0.376,0.0,0.0,0.0,0.0
487,548,FTO534,flatNominal,R+1C14,534,534,7.4,14.314,0.0,14.965,0.376,14.965,-0.376,0.0,0.0,0.0,0.0
488,671,FTO535,flatNominal,R+1C15,535,535,7.4,14.314,0.0,14.965,0.376,14.965,-0.376,0.0,0.0,0.0,0.0
489,1016,FTO536,flatNominal,R+1C16,536,536,7.4,14.314,0.0,14.965,0.376,14.965,-0.376,0.0,0.0,0.0,0.0
490,600,FTO537,flatNominal,R+1C17,537,537,7.4,14.314,0.0,14.965,0.376,14.965,-0.376,0.0,0.0,0.0,0.0
491,837,FTO538,flatNominal,R+1C18,538,538,7.4,14.314,0.0,14.965,0.376,14.965,-0.376,0.0,0.0,0.0,0.0
492,1094,FTO539,flatNominal,R+1C19,539,539,7.4,14.314,0.0,14.965,0.376,14.965,-0.376,0.0,0.0,0.0,0.0
493,779,FTO540,flatNominal,R+1C20,540,540,7.4,14.314,0.0,14.965,0.376,14.965,-0.376,0.0,0.0,0.0,0.0
494,724,FTO541,flatNominal,R+1C21,541,541,7.4,14.314,0.0,14.965,0.376,14.965,-0.376,0.0,0.0,0.0,0.0
495,997,FTO542,flatNominal,R+1C22,542,542,7.4,14.314,0.0,14.965,0.376,14.965,-0.376,0.0,0.0,0.0,0.0
496,1023,FTO543,flatNominal,R+1C23,543,543,7.4,14.314,0.0,14.965,0.376,14.965,-0.376,0.0,0.0,0.0,0.0
497,942,FTO544,flatNominal,R+1C24,544,544,7.4,14.314,0.0,14.965,0.376,14.965,-0.376,0.0,0.0,0.0,0.0
498,1096,FTO545,flatNominal,R+1C25,545,545,7.4,14.314,0.0,14.965,0.376,14.965,-0.376,0.0,0.0,0.0,0.0
499,507,FTO546,flatNominal,R+1C26,546,546,7.4,14.314,0.0,14.965,0.376,14.965,-0.376,0.0,0.0,0.0,0.0
